timestamp,exchange,symbol,last_price,mark_price,index_price,funding_rate,funding_interval_h,funding_rate_8h
2026-08-14T00:06:29+0000,gate,ALCH_USDT,0.02725,0.02724,0.027197,0.00005,4.0,0.00010000
2026-08-14T00:06:36+0000,phemex,ALCHUSDT,0.02737,0.02721,0.02718714,0.0001,8.0,0.00010000
2026-08-14T01:57:43+0000,gate,ALCH_USDT,0.02718,0.02713,0.027097,0.00005,4.0,0.00010000
2026-08-14T01:57:51+0000,phemex,ALCHUSDT,0.02737,0.02713,0.02711429,0.0001,8.0,0.00010000
2026-08-14T01:59:01+0000,gate,ALCH_USDT,0.02718,0.02716,0.02713,0.00005,4.0,0.00010000
2026-08-14T01:59:10+0000,phemex,ALCHUSDT,0.02737,0.02716,0.02714,0.0001,8.0,0.00010000
2026-08-14T02:00:21+0000,gate,ALCH_USDT,0.02725,0.02716,0.02712,0.00005,4.0,0.00010000
2026-08-14T02:00:28+0000,phemex,ALCHUSDT,0.02737,0.02716,0.02714,0.0001,8.0,0.00010000
2026-08-14T02:01:38+0000,gate,ALCH_USDT,0.02725,0.02718,0.027147,0.00005,4.0,0.00010000
2026-08-14T02:01:45+0000,phemex,ALCHUSDT,0.02737,0.02717,0.02715429,0.0001,8.0,0.00010000
2026-08-14T07:24:44+0000,gate,ALCH_USDT,0.02704,0.02704,0.027047,0.00005,4.0,0.00010000
2026-08-14T07:24:50+0000,phemex,ALCHUSDT,0.02737,0.02704,0.02702,0.0001,8.0,0.00010000
2026-08-14T07:25:59+0000,gate,ALCH_USDT,0.02704,0.02705,0.027053,0.00005,4.0,0.00010000
2026-08-14T07:26:06+0000,phemex,ALCHUSDT,0.02737,0.02704,0.02702,0.0001,8.0,0.00010000
2026-08-14T07:27:16+0000,gate,ALCH_USDT,0.02704,0.02704,0.027043,0.00005,4.0,0.00010000
2026-08-14T07:27:22+0000,phemex,ALCHUSDT,0.02737,0.02706,0.02703714,0.0001,8.0,0.00010000
2026-08-14T07:28:31+0000,gate,ALCH_USDT,0.02718,0.02709,0.027043,0.00005,4.0,0.00010000
2026-08-14T07:28:37+0000,phemex,ALCHUSDT,0.02737,0.02708,0.02705857,0.0001,8.0,0.00010000
